,pdb_id,chain,unit start,unit end,curvature,twist,handedness,pitch
0,2bwrA_11_386,A,11,58,0.0,0.0,0.0,0.0
1,2bwrA_11_386,A,59,110,0.8020238647490219,0.5911102016735855,-1.0,0.11198498007872569
2,2bwrA_11_386,A,111,170,0.9116903848194098,0.20498151976740708,-1.0,0.08981390975075151
3,2bwrA_11_386,A,171,221,0.9495073495402192,0.14407459612113724,1.0,0.03698628811811014
4,2bwrA_11_386,A,222,276,0.884228573279991,0.07509685404770049,1.0,0.07337387552497665
5,2bwrA_11_386,A,277,331,0.8666225431469796,0.037153552333886224,1.0,0.04915035170298034
6,2bwrA_11_386,A,332,386,0.8695092394951899,0.036760932017970316,-1.0,0.004419779273867957
7,2bwrA_11_386,A,mean,-,0.8805969925051351,0.1815296093269478,0.0,0.06095486407490205
8,2bwrA_11_386,A,std deviation,-,0.041782745307958606,0.17842144285914105,0.9258200997725514,0.032735310907068396
0,2ojhA_19_273,A,19,40,0.0,0.0,0.0,0.0
1,2ojhA_19_273,A,41,82,1.0570654378788356,0.5632937923292202,-1.0,0.10093734970315585
2,2ojhA_19_273,A,83,125,1.0450829805300619,0.22048846157828297,1.0,0.3418943872196576
3,2ojhA_19_273,A,126,171,1.034802728989402,0.18543315523058235,1.0,0.16758568514112163
4,2ojhA_19_273,A,172,213,0.915769842439381,0.1323814659783187,1.0,0.11361020558171109
5,2ojhA_19_273,A,214,273,1.0756526639002155,0.0808986490219049,1.0,0.08841002816061207
6,2ojhA_19_273,A,mean,-,1.0256747307475793,0.23649910482766182,0.6,0.16248753116125164
7,2ojhA_19_273,A,std deviation,-,0.05167567977615966,0.15530122571488456,0.7302967433402217,0.08551579329662519
0,2vpjA_280_560,A,280,317,0.0,0.0,0.0,0.0
1,2vpjA_280_560,A,318,368,1.0052627034989772,0.021256489603391663,1.0,0.18509438121992655
2,2vpjA_280_560,A,369,414,1.1308010002463809,0.0004944897990126059,1.0,0.16888683132538848
3,2vpjA_280_560,A,415,461,1.0149964805370704,0.01037689298034235,1.0,0.046139429461264835
4,2vpjA_280_560,A,462,509,1.0181453563245877,0.007963602653546441,1.0,0.04366667038059358
5,2vpjA_280_560,A,510,560,1.04531526253601,0.15743904085153865,1.0,0.09129752097872573
6,2vpjA_280_560,A,mean,-,1.0429041606286054,0.039506103177566344,1.0,0.10701696667317981
7,2vpjA_280_560,A,std deviation,-,0.04191337121710799,0.05417036765064972,0.0,0.054605247557163415
0,2w8bF_162_419,F,162,200,0.0,0.0,0.0,0.0
1,2w8bF_162_419,F,201,244,1.036966338836678,0.35281420734365626,-1.0,0.09333522130787018
2,2w8bF_162_419,F,245,288,1.0553716028804263,0.029480988092891333,-1.0,0.06561966354603799
3,2w8bF_162_419,F,289,332,0.9876605202000872,0.44197892062743516,1.0,0.02389465385483861
4,2w8bF_162_419,F,333,375,1.0035419997236064,0.2250592750225731,1.0,0.32077972111872777
5,2w8bF_162_419,F,376,419,1.0732138155963873,0.37888837794701874,1.0,0.058095166747247746
6,2w8bF_162_419,F,mean,-,1.031350855447437,0.28564435380671493,0.2,0.11234488531494446
7,2w8bF_162_419,F,std deviation,-,0.028991996723410723,0.1335021571300059,0.894427190999916,0.09725924965574058
0,3ow8D_18_304,D,18,63,0.0,0.0,0.0,0.0
1,3ow8D_18_304,D,64,108,0.9591018160532148,0.29098519809587825,1.0,0.10334815061225493
2,3ow8D_18_304,D,109,146,0.9173122205921513,0.030739795633173278,1.0,0.05956713559309237
3,3ow8D_18_304,D,147,189,0.9462842414055929,0.0579899038627266,1.0,0.2196541073354977
4,3ow8D_18_304,D,190,231,0.9135346334879575,0.035318805893475566,1.0,0.04978391985863362
5,3ow8D_18_304,D,232,275,0.9383927473772729,0.10598049129324667,1.0,0.013300377501720606
6,3ow8D_18_304,D,276,304,0.7740095651469981,0.16751496911261715,-1.0,0.3038089268123541
7,3ow8D_18_304,D,mean,-,0.908105870677198,0.11475486064851959,0.6666666666666666,0.12491043628559222
8,3ow8D_18_304,D,std deviation,-,0.0574101992404221,0.08494420749023457,0.6900655593423543,0.09548112073509238
0,3qi0F_52_309,F,52,90,0.0,0.0,0.0,0.0
1,3qi0F_52_309,F,91,129,0.8905516759906184,0.06040477931125096,1.0,0.049738262705233634
2,3qi0F_52_309,F,130,168,0.8831770974203269,0.04076652155675448,1.0,0.006276262220606302
3,3qi0F_52_309,F,169,207,0.9145207045318159,0.006774736519156999,1.0,0.008382345335127774
4,3qi0F_52_309,F,208,246,0.8618281687542179,0.1038835636789669,-1.0,0.028747849383425488
5,3qi0F_52_309,F,247,282,0.8532379150320895,0.15512669265127982,1.0,0.07155201955181198
6,3qi0F_52_309,F,283,309,0.7168418686385332,0.15343518330240025,1.0,0.06589029846410915
7,3qi0F_52_309,F,mean,-,0.8533595717279336,0.0867319128366349,0.6666666666666666,0.03843117294338572
8,3qi0F_52_309,F,std deviation,-,0.059428031885524,0.051575792388041095,0.6900655593423543,0.023932886557120017
0,3shfA_619_910,A,619,661,0.0,0.0,0.0,0.0
1,3shfA_619_910,A,662,701,0.8532316097373757,0.12024997860887496,-1.0,0.024998260620406228
2,3shfA_619_910,A,702,745,0.8468643892618973,0.09216357808321425,-1.0,0.003281780025789459
3,3shfA_619_910,A,746,799,1.010414232490804,0.3181034814760539,1.0,0.13932651811882246
4,3shfA_619_910,A,800,844,0.8800058501958076,0.07673899530921911,-1.0,0.14028861203219542
5,3shfA_619_910,A,845,884,0.941591066242425,0.10219694101528763,-1.0,0.042025875607433975
6,3shfA_619_910,A,885,910,0.8006440540793265,0.17722113831328387,1.0,0.4457357517856328
7,3shfA_619_910,A,mean,-,0.8887918670012726,0.14777901880098895,-0.3333333333333333,0.13260946636504672
8,3shfA_619_910,A,std deviation,-,0.06375111374743049,0.07639427525301143,0.8728715609439696,0.13869976189801267
0,3shfA_922_1248,A,922,963,0.0,0.0,0.0,0.0
1,3shfA_922_1248,A,964,1005,0.8175006403187786,0.14219201532324113,-1.0,0.03457358650442914
2,3shfA_922_1248,A,1006,1047,0.7345563719461259,0.06445298401840441,1.0,0.002647347472243234
3,3shfA_922_1248,A,1048,1088,0.8032515229962484,0.026266200709985997,-1.0,0.011516451182719446
4,3shfA_922_1248,A,1089,1130,0.8626132270670166,0.18215046404975707,-1.0,0.15789150701666851
5,3shfA_922_1248,A,1131,1180,0.7161018088649683,0.10203425556065467,1.0,0.05568792713257994
6,3shfA_922_1248,A,1181,1221,0.6981757574508639,0.09042680789408133,-1.0,0.033776818988116825
7,3shfA_922_1248,A,1222,1248,0.7873960525100666,0.11934213226908748,1.0,0.341792681906414
8,3shfA_922_1248,A,mean,-,0.7742279115934384,0.10383783711788744,-0.14285714285714285,0.09112661717188157
9,3shfA_922_1248,A,std deviation,-,0.051764693593796596,0.044153040284413934,0.9258200997725515,0.10559387506028739
0,3wj9B_4_398,B,4,35,0.0,0.0,0.0,0.0
1,3wj9B_4_398,B,36,74,0.5952245005535327,0.3514882373305922,-1.0,0.380543991435227
2,3wj9B_4_398,B,75,124,0.8059979062634389,0.22551080796242862,1.0,0.2599998244689244
3,3wj9B_4_398,B,125,167,0.7743364393024232,0.44473298682073464,-1.0,0.16080097695450796
4,3wj9B_4_398,B,168,215,0.7752776697604868,0.11599713201214587,1.0,0.11001449431410396
5,3wj9B_4_398,B,216,269,0.6692195099668153,0.3880436291589086,-1.0,0.032367338191013215
6,3wj9B_4_398,B,270,312,0.7199681007635835,0.3126687465898058,1.0,0.36280960496242687
7,3wj9B_4_398,B,313,355,0.6626685092327765,0.31443599465288813,-1.0,0.13600130251949558
8,3wj9B_4_398,B,356,398,0.7032013860182587,0.12152808454715967,1.0,0.14403513639849824
9,3wj9B_4_398,B,mean,-,0.7132367527326644,0.2843007023843329,0.0,0.19832158365552466
10,3wj9B_4_398,B,std deviation,-,0.06214182246737826,0.10593783710442754,0.9428090415820634,0.1093633626341578
0,4bh6H_268_545,H,268,301,0.0,0.0,0.0,0.0
1,4bh6H_268_545,H,302,345,0.9094403479549699,0.15455159186247922,-1.0,0.191104006685881
2,4bh6H_268_545,H,346,386,0.8691135200475143,0.1267165041148782,1.0,0.019580645462832263
3,4bh6H_268_545,H,387,428,0.9331246913351734,0.19270197223012883,1.0,0.1394671787148922
4,4bh6H_268_545,H,429,470,0.8164824245530119,0.23370381745629046,-1.0,0.018585576734540938
5,4bh6H_268_545,H,471,516,0.9219859536048175,0.08712086820439548,-1.0,0.11068650251815966
6,4bh6H_268_545,H,517,545,0.8301856466595333,0.0056569601268361925,-1.0,0.3344953968917363
7,4bh6H_268_545,H,mean,-,0.8800554306925034,0.13340861899916803,-0.3333333333333333,0.13565321783467374
8,4bh6H_268_545,H,std deviation,-,0.0415524391875608,0.06816962089661757,0.8728715609439696,0.10030564716864128
0,4d0kA_27_313,A,27,71,0.0,0.0,0.0,0.0
1,4d0kA_27_313,A,72,108,0.828785817936479,0.10656266595371452,1.0,0.0973543398903682
2,4d0kA_27_313,A,109,150,0.7882360893233136,0.3632571063744081,-1.0,0.09175937868394972
3,4d0kA_27_313,A,151,188,1.0025743880167506,0.5114252893783285,-1.0,0.09645217307423665
4,4d0kA_27_313,A,189,242,0.9474097728439513,0.2358475679976024,1.0,0.31800927743499363
5,4d0kA_27_313,A,243,284,0.8092931668366863,0.2666572035916884,1.0,0.026417291945515283
6,4d0kA_27_313,A,285,313,0.8144108840889784,0.019941703014717406,1.0,0.3294223405871812
7,4d0kA_27_313,A,mean,-,0.8651183531743599,0.25061525605174323,0.3333333333333333,0.1599024669360408
8,4d0kA_27_313,A,std deviation,-,0.07424349295987784,0.14887527157415228,0.8728715609439696,0.10963232806307295
0,4ggdB_189_473,B,189,228,0.0,0.0,0.0,0.0
1,4ggdB_189_473,B,229,267,0.7572320181643665,0.16492769368079394,-1.0,0.10776263287918461
2,4ggdB_189_473,B,268,311,0.8902798915447039,0.1293144068894552,-1.0,0.09888577786470722
3,4ggdB_189_473,B,312,354,0.8894155083085503,0.33869674164385216,-1.0,0.06477895803974328
4,4ggdB_189_473,B,355,398,0.9048868040788045,0.3805555524558937,1.0,0.09969093085578058
5,4ggdB_189_473,B,399,445,0.9517153512702289,0.20077106968412978,1.0,0.025934725259646244
6,4ggdB_189_473,B,446,473,0.8198425667423529,0.024457797395781206,-1.0,0.4151580502663301
7,4ggdB_189_473,B,mean,-,0.8688953566848346,0.20645387695831766,-0.3333333333333333,0.13536851252756535
8,4ggdB_189_473,B,std deviation,-,0.05844140913665923,0.11252260578342972,0.8728715609439696,0.11868733762059115
0,4lg8A_223_504,A,223,265,0.0,0.0,0.0,0.0
1,4lg8A_223_504,A,266,307,0.8354176016248827,0.04603224697271032,1.0,0.10338904659530608
2,4lg8A_223_504,A,308,351,0.9968498227811329,0.2429516245793224,1.0,0.08682460008492227
3,4lg8A_223_504,A,352,393,0.879886332685124,0.24691181040734547,-1.0,0.17731818346605244
4,4lg8A_223_504,A,394,435,0.9126614668742798,0.03824131815492433,1.0,0.13347767065275742
5,4lg8A_223_504,A,436,476,0.927568981009109,0.08866785436695757,-1.0,0.038360546641623
6,4lg8A_223_504,A,477,504,0.7914402097451285,0.06737597420548447,-1.0,0.19769586932238065
7,4lg8A_223_504,A,mean,-,0.890637402453276,0.1216968047811241,0.0,0.12284431946050696
8,4lg8A_223_504,A,std deviation,-,0.061102927315908044,0.08203930827398327,0.9258200997725514,0.04999522867215152
0,4nsxA_353_656,A,353,411,0.0,0.0,0.0,0.0
1,4nsxA_353_656,A,412,454,0.853728091247071,0.26745027607338373,-1.0,0.3343388338027139
2,4nsxA_353_656,A,455,498,0.8484982916096859,0.2086667858761355,1.0,0.09261023923017166
3,4nsxA_353_656,A,499,542,0.866451283535359,0.12209241062908256,-1.0,0.06865100828924174
4,4nsxA_353_656,A,543,582,0.8982836186482076,0.17052455271834274,1.0,0.040097893924377924
5,4nsxA_353_656,A,583,625,0.9319427667792572,0.11288262534898666,-1.0,0.05650274142879388
6,4nsxA_353_656,A,626,656,0.9042156614680592,0.11906745404414987,1.0,0.2521915387025082
7,4nsxA_353_656,A,mean,-,0.8838532855479398,0.16678068411501354,0.0,0.14073204256296787
8,4nsxA_353_656,A,std deviation,-,0.027763778236294816,0.05221032145853022,0.9258200997725514,0.10326111105456773
0,4nsxA_40_347,A,40,73,0.0,0.0,0.0,0.0
1,4nsxA_40_347,A,74,111,0.9024572963452622,0.2835363188525159,1.0,0.4408536546157001
2,4nsxA_40_347,A,112,158,0.8485975095938515,0.28527907325290347,-1.0,0.15361600636545467
3,4nsxA_40_347,A,159,203,0.9338214339098818,0.11160975843035402,1.0,0.16814619997553448
4,4nsxA_40_347,A,204,245,0.9384212686733091,0.1974489340906604,-1.0,0.0375583262367744
5,4nsxA_40_347,A,246,291,0.9881935954170865,0.09834097288321723,-1.0,0.06574074078998716
6,4nsxA_40_347,A,292,347,0.7446539211988653,0.09132852972086118,1.0,0.1761806012683381
7,4nsxA_40_347,A,mean,-,0.8926908375230426,0.17792393120508534,0.0,0.17368258820863147
8,4nsxA_40_347,A,std deviation,-,0.07256357698919072,0.07680225909126366,0.9258200997725514,0.12071287966398726
0,4tqkB_12_391,B,12,54,0.0,0.0,0.0,0.0
1,4tqkB_12_391,B,55,111,0.8455025398847439,0.3902274772375246,-1.0,0.06422492743915281
2,4tqkB_12_391,B,112,166,0.8808592248748761,0.10977874776063191,-1.0,0.0037297575992974973
3,4tqkB_12_391,B,167,223,0.9737060629678649,0.24806421318246366,1.0,0.07280296102212734
4,4tqkB_12_391,B,224,278,0.8982997410572825,0.32191684121429776,-1.0,0.017098069409280846
5,4tqkB_12_391,B,279,334,0.8539433919386451,0.05533094218463864,1.0,0.02833471717410219
6,4tqkB_12_391,B,335,391,0.8903686418339527,0.20772691819185896,-1.0,0.006182222292454145
7,4tqkB_12_391,B,mean,-,0.8904466004262274,0.2221741899619026,-0.3333333333333333,0.03206210915606914
8,4tqkB_12_391,B,std deviation,-,0.038615664060516496,0.10659598328230024,0.8728715609439696,0.025084344907370482
0,4uerR_17_319,R,17,64,0.0,0.0,0.0,0.0
1,4uerR_17_319,R,65,106,0.9903355868455811,0.06511444029878279,1.0,0.3284073757839783
2,4uerR_17_319,R,107,147,0.9028619388786777,0.012028206705246056,1.0,0.2680584216465243
3,4uerR_17_319,R,148,195,0.8527873263178223,0.04303622900269564,1.0,0.011819949296037897
4,4uerR_17_319,R,196,237,0.8924500730894818,0.4144024004636025,1.0,0.22214223229927618
5,4uerR_17_319,R,238,276,0.9170016495609777,0.10045950385195908,-1.0,0.003960351763340527
6,4uerR_17_319,R,277,319,0.8159472422508762,0.2771412892255219,1.0,0.10900024491948035
7,4uerR_17_319,R,mean,-,0.8952306361572363,0.15203034492463466,0.6666666666666666,0.15723142928477293
8,4uerR_17_319,R,std deviation,-,0.05024538085620263,0.13426311377775152,0.6900655593423543,0.11511485451260793
0,4ui9R_192_474,R,192,231,0.0,0.0,0.0,0.0
1,4ui9R_192_474,R,232,273,0.8000296536774394,0.022036585090047495,-1.0,0.02289391700769033
2,4ui9R_192_474,R,274,315,0.8406716619214507,0.1425335249137334,-1.0,0.031784127630608686
3,4ui9R_192_474,R,316,354,0.9122546865907728,0.1516446180098792,1.0,0.17051242321310028
4,4ui9R_192_474,R,355,398,0.8090921719610582,0.09691066650729864,-1.0,0.05018718794079645
5,4ui9R_192_474,R,399,445,0.9456131559091734,0.042222726409374016,-1.0,0.033041820053131124
6,4ui9R_192_474,R,446,474,0.8800583026448263,0.009844027625642912,-1.0,0.2624311443209267
7,4ui9R_192_474,R,mean,-,0.8646199387841201,0.07753202475932927,-0.6666666666666666,0.09514177002770892
8,4ui9R_192_474,R,std deviation,-,0.0491296699427352,0.05210094403677699,0.6900655593423543,0.08347602860923087
0,4yehB_6_227,B,6,65,0.0,0.0,0.0,0.0
1,4yehB_6_227,B,66,121,1.4963057639743351,0.50629023118946,1.0,0.1834521470596286
2,4yehB_6_227,B,122,174,1.6930914100521122,0.4333038796362616,-1.0,0.1326387131442368
3,4yehB_6_227,B,175,227,1.4846256746966466,0.2912117810225577,-1.0,0.12168506741506485
4,4yehB_6_227,B,mean,-,1.5580076162410312,0.41026863061609314,-0.3333333333333333,0.14592530920631008
5,4yehB_6_227,B,std deviation,-,0.08282460272823422,0.07733903268924125,0.816496580927726,0.023304433678401154
0,4yvdA_206_492,A,206,243,0.0,0.0,0.0,0.0
1,4yvdA_206_492,A,244,289,0.968409836307849,0.4180809455794178,1.0,0.04107003211013483
2,4yvdA_206_492,A,290,327,0.8537647953997111,0.21979159644717,1.0,0.09832395992146772
3,4yvdA_206_492,A,328,373,0.9724388579519061,0.16765529034560975,1.0,0.1529407297136881
4,4yvdA_206_492,A,374,414,0.9218603941670933,0.0893259739317285,1.0,0.0024952204836205818
5,4yvdA_206_492,A,415,463,0.8909040198231052,0.04678224237494971,-1.0,0.0397438070056833
6,4yvdA_206_492,A,464,492,0.8390863191570664,0.1234734370100581,-1.0,0.3992370270300719
7,4yvdA_206_492,A,mean,-,0.9077440371344551,0.1775182476148223,0.3333333333333333,0.12230179604411107
8,4yvdA_206_492,A,std deviation,-,0.047773659097559346,0.11183236648559523,0.8728715609439696,0.12304171163599445
0,4yy8B_444_719,B,444,483,0.0,0.0,0.0,0.0
1,4yy8B_444_719,B,484,531,1.069817964447215,0.2929254182884135,1.0,0.09780471672095044
2,4yy8B_444_719,B,532,578,1.0098527264431174,0.057886620651037356,1.0,0.060699898440265396
3,4yy8B_444_719,B,579,625,1.0255779047208378,0.16097725378226846,1.0,0.1770662277234078
4,4yy8B_444_719,B,626,673,1.01291910798724,0.161874805935847,-1.0,0.20694949353521194
5,4yy8B_444_719,B,674,719,1.1142499869481355,0.18826038034528816,1.0,0.04386933348058262
6,4yy8B_444_719,B,mean,-,1.0464835381093092,0.1723848958005709,0.6,0.11727793398008364
7,4yy8B_444_719,B,std deviation,-,0.036611063630321884,0.06847444762923399,0.7302967433402215,0.05857293400119293
0,5a9qX_16_304,X,16,59,0.0,0.0,0.0,0.0
1,5a9qX_16_304,X,60,107,0.86202740078438,0.2547700679382396,-1.0,0.2548031967229403
2,5a9qX_16_304,X,108,156,0.8604789475443054,0.053202693486660034,-1.0,0.19685284585726645
3,5a9qX_16_304,X,157,214,0.8291734060833026,0.3184659897360707,-1.0,0.1266765589147103
4,5a9qX_16_304,X,215,264,0.9794272866104274,0.3405957669476768,1.0,0.28097242464704536
5,5a9qX_16_304,X,265,304,0.8891658796927765,0.04303126847230405,-1.0,0.13495787357254235
6,5a9qX_16_304,X,mean,-,0.8840545841430384,0.20201315731619024,-0.6,0.19885257994290093
7,5a9qX_16_304,X,std deviation,-,0.04685977107481745,0.11759357168853403,0.7302967433402215,0.056524406030093205
0,5cgjA_324_599,A,324,360,0.0,0.0,0.0,0.0
1,5cgjA_324_599,A,361,411,1.0089595478415372,0.18624922266360608,1.0,0.4507794704123989
2,5cgjA_324_599,A,412,458,1.0843392285018236,0.22694722744982024,-1.0,0.04303774395451764
3,5cgjA_324_599,A,459,505,1.0006415320929216,0.06462760698439114,1.0,0.10756673783604348
4,5cgjA_324_599,A,506,552,1.0160402684300087,0.05141948129730871,-1.0,0.04489510280758269
5,5cgjA_324_599,A,553,599,1.0478146371791315,0.05440160243978044,1.0,0.01146100117114188
6,5cgjA_324_599,A,mean,-,1.0315590428090846,0.11672902816698132,0.2,0.13154801123633691
7,5cgjA_324_599,A,std deviation,-,0.02815864091767815,0.06812453289790628,0.894427190999916,0.1484629639233507
0,6n3hB_359_635,B,359,406,0.0,0.0,0.0,0.0
1,6n3hB_359_635,B,407,453,1.088280081630202,0.3125206007668299,-1.0,0.2685664227965312
2,6n3hB_359_635,B,454,500,1.1545940254676674,0.44412713378950847,-1.0,0.2162555942235282
3,6n3hB_359_635,B,501,547,0.9998889514307467,0.13499902886946671,-1.0,0.4748814410756961
4,6n3hB_359_635,B,548,593,1.0178788912684058,0.029427455253914648,1.0,0.09043363097855675
5,6n3hB_359_635,B,594,635,0.893415331294974,0.24662658807546456,-1.0,0.27956284906373224
6,6n3hB_359_635,B,mean,-,1.0308114562183994,0.2335401613510369,-0.6,0.2659399876276089
7,6n3hB_359_635,B,std deviation,-,0.08023498305931735,0.13046608046830135,0.7302967433402215,0.11337256550606302
0,1l0sA_3_66,A,3,19,0.0,0.0,0.0,0.0
1,1l0sA_3_66,A,20,34,0.2395017049744968,0.7453659413748456,-1.0,0.14958086553279595
2,1l0sA_3_66,A,35,49,0.21795919873879246,0.003025035037613023,-1.0,0.003252338558675125
3,1l0sA_3_66,A,50,66,0.23056347593612986,0.3208396411645018,1.0,0.1340582652458359
4,1l0sA_3_66,A,mean,-,0.22934145988313973,0.3564102058589868,-0.3333333333333333,0.09563048977910232
5,1l0sA_3_66,A,std deviation,-,0.007653100226514881,0.2633595015467539,0.816496580927726,0.05683541984139499
0,1n11A_405_796,A,405,436,0.0,0.0,0.0,0.0
1,1n11A_405_796,A,437,469,0.1682321866856432,0.440672840015843,1.0,0.11005483734231923
2,1n11A_405_796,A,470,502,0.18004672160679985,0.09158089485792247,-1.0,0.029645671709122978
3,1n11A_405_796,A,503,535,0.17550063075960487,0.030414150767968457,-1.0,0.04700605185402973
4,1n11A_405_796,A,536,568,0.18613651326946237,0.18617482845201427,-1.0,0.036928501172026125
5,1n11A_405_796,A,569,601,0.19006493223728504,0.04156183818047605,-1.0,0.012188977151430724
6,1n11A_405_796,A,602,634,0.21121285285829783,0.02477858974992235,1.0,0.07633300948426179
7,1n11A_405_796,A,635,667,0.21794032030475802,0.1201754195621727,-1.0,0.03947169791733027
8,1n11A_405_796,A,668,700,0.22345147687039144,0.046941564738778106,-1.0,0.04509322814041918
9,1n11A_405_796,A,701,733,0.23864780424423052,0.21408901204856481,-1.0,0.02222842351634733
10,1n11A_405_796,A,734,764,0.2481120787884096,0.053447021672163884,-1.0,0.03320179688376141
11,1n11A_405_796,A,765,796,0.26336869161736626,0.20700605065937802,-1.0,0.03183933996972387
12,1n11A_405_796,A,mean,-,0.209337655385659,0.1324402009732004,-0.6363636363636364,0.04399923046734297
13,1n11A_405_796,A,std deviation,-,0.029098839074857646,0.11392630127257486,0.7385489458759963,0.02490963743197132
0,2bm4A_2_142,A,2,21,0.0,0.0,0.0,0.0
1,2bm4A_2_142,A,22,42,0.07950847969693282,0.15579925304913206,-1.0,0.014258792863324259
2,2bm4A_2_142,A,43,62,0.07519976676137796,0.44064129488172665,-1.0,0.046467943057892286
3,2bm4A_2_142,A,63,82,0.07503021464228812,0.11004591752406101,1.0,0.009424931038376648
4,2bm4A_2_142,A,83,102,0.08808992932895301,0.29738900435492327,-1.0,0.10573834849852322
5,2bm4A_2_142,A,103,122,0.082448306038386,0.14558582306008264,-1.0,0.09256410380616732
6,2bm4A_2_142,A,123,142,0.07218424938515304,0.3408310216018514,-1.0,0.00881884567715608
7,2bm4A_2_142,A,mean,-,0.07874349097551515,0.24838205241196287,-0.6666666666666666,0.0462121608235733
8,2bm4A_2_142,A,std deviation,-,0.00494305898583469,0.11096179218902742,0.6900655593423543,0.03677054931567927
0,2bnhA_5_456,A,5,29,0.0,0.0,0.0,0.0
1,2bnhA_5_456,A,30,57,0.35632283585358615,0.31369801329952346,-1.0,0.31580332681798
2,2bnhA_5_456,A,58,86,0.29342906065784086,0.07622731119649592,-1.0,0.1690095902374417
3,2bnhA_5_456,A,87,114,0.34122553518676346,0.1946479788166588,1.0,0.0029020921329953645
4,2bnhA_5_456,A,115,143,0.29564442963335696,0.1959629990815303,-1.0,0.009165627229421979
5,2bnhA_5_456,A,144,171,0.3263366535159422,0.08384413310410949,1.0,0.015116446587148823
6,2bnhA_5_456,A,172,200,0.2912258133132177,0.052560671623604574,1.0,0.0020667472065835197
7,2bnhA_5_456,A,201,228,0.3356839499767496,0.04995506503813875,1.0,0.08542971321613894
8,2bnhA_5_456,A,229,257,0.2838134788291251,0.1356510149310172,-1.0,0.11517629558167389
9,2bnhA_5_456,A,258,285,0.3194791067025347,0.09839841652199909,1.0,0.02945743330878437
10,2bnhA_5_456,A,286,314,0.31770039762047,0.1963289046291012,-1.0,0.02490832972967071
11,2bnhA_5_456,A,315,342,0.321870776574851,0.13709838487185927,1.0,0.0237983377609323
12,2bnhA_5_456,A,343,371,0.3151692492268696,0.08585470218920636,-1.0,0.021683640904394497
13,2bnhA_5_456,A,372,399,0.3194603520083402,0.16985122052242996,1.0,0.02427692295240614
14,2bnhA_5_456,A,400,428,0.3323348445889515,0.13467269030545378,-1.0,0.07134618264810842
15,2bnhA_5_456,A,429,456,0.3986574331786812,0.11142512337519968,1.0,0.04712878769985729
16,2bnhA_5_456,A,mean,-,0.3232235944578187,0.1357451086337552,0.06666666666666667,0.06381796493423586
17,2bnhA_5_456,A,std deviation,-,0.027051561205163086,0.06547449101787804,0.9660917830792959,0.07846953754076946
0,2n3dA_39_136,A,39,54,0.0,0.0,0.0,0.0
1,2n3dA_39_136,A,55,70,0.37985361857825833,0.006789716978004452,1.0,0.4546593865398686
2,2n3dA_39_136,A,71,87,0.294072451843932,0.2546996412706658,1.0,0.533467367799684
3,2n3dA_39_136,A,88,101,1.1766766344827453,0.6136319183968585,1.0,0.41334748913530744
4,2n3dA_39_136,A,102,118,0.5389621175331626,0.5253926803636962,1.0,0.3404202436983311
5,2n3dA_39_136,A,119,136,0.16945082868651143,0.023319230353716684,-1.0,0.03166192023499656
6,2n3dA_39_136,A,mean,-,0.5118031302249219,0.2847666374725883,0.6,0.3547112814816375
7,2n3dA_39_136,A,std deviation,-,0.32270130863188146,0.22824811236615303,0.7302967433402215,0.15808578394406994
0,2o6qA_42_260,A,42,62,0.0,0.0,0.0,0.0
1,2o6qA_42_260,A,63,86,0.25197228793679494,0.04524176158649997,-1.0,0.038915178611765196
2,2o6qA_42_260,A,87,110,0.19688005267699912,0.0746903274603472,1.0,0.009080514251432232
3,2o6qA_42_260,A,111,134,0.18650522479345844,0.1327367176397145,-1.0,0.018031252342203943
4,2o6qA_42_260,A,135,158,0.18295846736206214,0.08665378774324999,1.0,0.003282526969765855
5,2o6qA_42_260,A,159,182,0.18343503573735992,0.034672437765240406,1.0,0.005046419186591945
6,2o6qA_42_260,A,183,206,0.1733554872155424,0.002243138865003667,-1.0,0.03587247373076962
7,2o6qA_42_260,A,207,230,0.168147864597089,0.02966710513447828,-1.0,0.17903467105042903
8,2o6qA_42_260,A,231,260,0.21328602658891044,0.38242347486038775,1.0,0.11497906256780734
9,2o6qA_42_260,A,mean,-,0.19456755586352706,0.09854109388186523,0.0,0.05053026233884564
10,2o6qA_42_260,A,std deviation,-,0.02385765453134136,0.1071891684743641,0.9428090415820634,0.055869080694472856
0,2q4gY_2_455,Y,2,30,0.0,0.0,0.0,0.0
1,2q4gY_2_455,Y,31,58,0.39921362815689126,0.25665989648115656,-1.0,0.04534860769585247
2,2q4gY_2_455,Y,59,87,0.32215526345765155,0.11570517014088282,-1.0,0.032458932709039844
3,2q4gY_2_455,Y,88,115,0.3640998512154905,0.25067505121505984,1.0,0.04513647240080672
4,2q4gY_2_455,Y,116,144,0.30286419293434624,0.26903358380424797,-1.0,0.08732204308646108
5,2q4gY_2_455,Y,145,172,0.3393800361802038,0.09691322884929325,1.0,0.07251372914017794
6,2q4gY_2_455,Y,173,201,0.2990986184490251,0.01852306491663715,-1.0,0.057218325342278234
7,2q4gY_2_455,Y,202,229,0.32374517063651514,0.09165287491893037,1.0,0.06858583218329242
8,2q4gY_2_455,Y,230,258,0.2866749188284009,0.20420658487700724,-1.0,0.08856740662956071
9,2q4gY_2_455,Y,259,286,0.3124500717995787,0.1068321878658463,1.0,0.04469503896665552
10,2q4gY_2_455,Y,287,315,0.30801185028813094,0.1910077657787944,-1.0,0.05859291725499419
11,2q4gY_2_455,Y,316,343,0.3261656021876958,0.14603608509551955,1.0,0.06543952415872176
12,2q4gY_2_455,Y,344,372,0.2928609213427325,0.10293151888251972,-1.0,0.004255031287178183
13,2q4gY_2_455,Y,373,400,0.3053765220579216,0.11885230221214742,1.0,0.024300751647147997
14,2q4gY_2_455,Y,401,429,0.32544993869700706,0.08076368954709083,-1.0,0.017090505374562578
15,2q4gY_2_455,Y,430,455,0.41494292376036146,0.1618199962811943,1.0,0.043646690764782586
16,2q4gY_2_455,Y,mean,-,0.3281659673327969,0.14744086672442186,-0.06666666666666667,0.050344787242767475
17,2q4gY_2_455,Y,std deviation,-,0.03507816313479295,0.06841309792576988,0.9660917830792959,0.022848403937487792
0,3b95B_743_940,B,743,774,0.0,0.0,0.0,0.0
1,3b95B_743_940,B,775,805,0.2547902651903817,0.29273808225259323,-1.0,0.005776628081433832
2,3b95B_743_940,B,806,841,0.28327791013138415,0.12494260711165157,1.0,0.07235701345002164
3,3b95B_743_940,B,842,874,0.2652435813232703,0.3682032055011295,-1.0,0.026377739464804293
4,3b95B_743_940,B,875,907,0.26776782286471706,0.024271121194644463,-1.0,0.04130101031652374
5,3b95B_743_940,B,908,940,0.2681229664908498,0.209759773705947,-1.0,0.01491723893287384
6,3b95B_743_940,B,mean,-,0.2678405092001206,0.20398295795319318,-0.6,0.03214592604913147
7,3b95B_743_940,B,std deviation,-,0.00832117095173815,0.11062161838645732,0.7302967433402217,0.021315826004152476
0,3c5wA_10_588,A,10,43,0.0,0.0,0.0,0.0
1,3c5wA_10_588,A,44,434,0.2820628629483726,0.2833263501235326,1.0,0.19576621314954876
2,3c5wA_10_588,A,435,474,0.3107932421941332,0.08363521044145074,-1.0,0.12918980532233773
3,3c5wA_10_588,A,475,512,0.2935016725566718,0.5200845553969169,-1.0,0.02571216132842952
4,3c5wA_10_588,A,513,552,0.2886756761001989,0.04923482718648582,1.0,0.030577448810853353
5,3c5wA_10_588,A,553,588,0.28978364461491213,0.17922936998763317,1.0,0.05722741749509706
6,3c5wA_10_588,A,mean,-,0.2929634196828578,0.22310206262720386,0.2,0.08769460922125329
7,3c5wA_10_588,A,std deviation,-,0.008808236094463372,0.1546130640200455,0.894427190999916,0.05976867421834808
0,3fgaA_10_585,A,10,45,0.0,0.0,0.0,0.0
1,3fgaA_10_585,A,46,82,0.311091700440649,0.02302604479822143,-1.0,0.29121799186515723
2,3fgaA_10_585,A,83,118,0.32906028373650487,0.033899904332960404,-1.0,0.07150287812155465
3,3fgaA_10_585,A,119,158,0.3433299801576603,0.2720652520843053,-1.0,0.15072781366042495
4,3fgaA_10_585,A,159,195,0.36087105681705317,0.10388658063767782,1.0,0.19534683045379192
5,3fgaA_10_585,A,196,234,0.3524142747459482,0.15019826890321358,-1.0,0.1803418503587124
6,3fgaA_10_585,A,235,273,0.3426635887289446,0.07645465367251608,1.0,0.13376762809026313
7,3fgaA_10_585,A,274,312,0.33605762033277975,0.040549257086722405,-1.0,0.07752689813976792
8,3fgaA_10_585,A,313,355,0.2809615845209325,0.06934364961876249,1.0,0.0652042742866221
9,3fgaA_10_585,A,356,394,0.30675784275636275,0.09013721637295648,1.0,0.0045746041340044875
10,3fgaA_10_585,A,395,433,0.30750888156532236,0.10509757224660493,1.0,0.0393173214494215
11,3fgaA_10_585,A,434,472,0.30775620910312623,0.018543508787593897,1.0,0.13482006795448276
12,3fgaA_10_585,A,473,511,0.27317849413703027,0.5598777790521887,-1.0,0.033923808245836067
13,3fgaA_10_585,A,512,550,0.2561040678786208,0.035183944571668756,1.0,0.008270353608695049
14,3fgaA_10_585,A,551,585,0.2583027195064178,0.17464388993110697,1.0,0.06593277869046749
15,3fgaA_10_585,A,mean,-,0.3118613074590966,0.12520768014974995,0.14285714285714285,0.10374822136137155
16,3fgaA_10_585,A,std deviation,-,0.03199770934124169,0.1333134311495193,0.9561828874675149,0.07576133279126393
0,3h3dY_331_616,Y,331,359,0.0,0.0,0.0,0.0
1,3h3dY_331_616,Y,360,395,0.26666599943516034,0.5416261154264914,1.0,0.3160035808063985
2,3h3dY_331_616,Y,396,432,0.33497082673294576,0.16686644136036805,-1.0,0.09654644582344554
3,3h3dY_331_616,Y,433,468,0.33550111381882863,0.03306303416193844,-1.0,0.030541837472468244
4,3h3dY_331_616,Y,469,504,0.33013945975471237,0.044529233682305686,1.0,0.018266761769745152
5,3h3dY_331_616,Y,505,540,0.3104970698811439,0.15900330313209768,1.0,0.013954415326417795
6,3h3dY_331_616,Y,541,576,0.35091649418146786,0.38643439896202875,-1.0,0.009845839497312
7,3h3dY_331_616,Y,577,616,0.32884482273143273,0.17664529237435878,-1.0,0.1097071411975914
8,3h3dY_331_616,Y,mean,-,0.3225051123622417,0.21545254558565555,-0.14285714285714285,0.08498086027048267
9,3h3dY_331_616,Y,std deviation,-,0.02369644358837099,0.16013971777611224,0.9258200997725515,0.09501385064257144
0,3s6lD_19_130,D,19,32,0.0,0.0,0.0,0.0
1,3s6lD_19_130,D,33,46,0.03407414994934767,0.0801960857052049,1.0,0.022895966542414943
2,3s6lD_19_130,D,47,60,0.03263856261377876,0.09743395753594085,1.0,0.013870747692359736
3,3s6lD_19_130,D,61,74,0.033340532101537576,0.10659274182597796,1.0,0.004554117413966305
4,3s6lD_19_130,D,75,88,0.03317010842794525,0.0966443014369907,1.0,0.005831908561654106
5,3s6lD_19_130,D,89,102,0.033769094150439896,0.08293507401033014,1.0,0.002375464911317958
6,3s6lD_19_130,D,103,116,0.032613043490860145,0.07454184953802549,1.0,0.01702190934401914
7,3s6lD_19_130,D,117,130,0.03459993558638853,0.006968498877978421,-1.0,0.024189410767148294
8,3s6lD_19_130,D,mean,-,0.033457918045756825,0.07790178699006407,0.7142857142857143,0.012962789318982927
9,3s6lD_19_130,D,std deviation,-,0.0006386065458939028,0.02878666520786873,0.6546536707079772,0.00771080852093789
0,3ultA_6_118,A,6,19,0.0,0.0,0.0,0.0
1,3ultA_6_118,A,20,34,0.05850556098558971,0.11502803048715086,-1.0,0.1121557006130875
2,3ultA_6_118,A,35,49,0.05529731731824298,0.013194857312797055,-1.0,0.05875087450034255
3,3ultA_6_118,A,50,63,0.052807948688419225,0.15972917748164872,-1.0,0.020845439986531173
4,3ultA_6_118,A,64,77,0.054268627064830884,0.03154819510993099,1.0,0.01013649216665856
5,3ultA_6_118,A,78,91,0.05482583969929017,0.043622264209164485,-1.0,0.019516951452646567
6,3ultA_6_118,A,92,105,0.05160844834641095,0.0008978275366203656,-1.0,0.06935280077266483
7,3ultA_6_118,A,106,118,0.047113856734333694,0.05517898423704365,1.0,0.08072493278782335
8,3ultA_6_118,A,mean,-,0.05348965697673109,0.059885619482050886,-0.42857142857142855,0.05306902746853636
9,3ultA_6_118,A,std deviation,-,0.003071514456149385,0.049697418439146476,0.8451542547285166,0.03271244542155736
0,4bxrB_944_1124,B,944,960,0.0,0.0,0.0,0.0
1,4bxrB_944_1124,B,961,980,0.09379779190997045,0.5082603801167648,-1.0,0.08359048958031577
2,4bxrB_944_1124,B,981,998,0.10594811176740648,0.2582938782230608,-1.0,0.06074060276504065
3,4bxrB_944_1124,B,999,1017,0.09052691030300873,0.4860355751280182,-1.0,0.08679459598205509
4,4bxrB_944_1124,B,1018,1035,0.09188409849044403,0.48763050060073865,-1.0,0.26429246452511695
5,4bxrB_944_1124,B,1036,1053,0.09469793651834643,0.4488210592290742,-1.0,0.12959828925045824
6,4bxrB_944_1124,B,1054,1070,0.08990002845144143,0.44480007672939464,-1.0,0.16945804131507372
7,4bxrB_944_1124,B,1071,1087,0.08846358486127852,0.43226585833835457,-1.0,0.22236974212396046
8,4bxrB_944_1124,B,1088,1105,0.08820842562238963,0.3502815574225884,-1.0,0.20381770083739195
9,4bxrB_944_1124,B,1106,1124,0.09793581025208695,0.4599172899872612,-1.0,0.04259686912413757
10,4bxrB_944_1124,B,mean,-,0.0934847442418192,0.43070068619725066,-1.0,0.1403620883892834
11,4bxrB_944_1124,B,std deviation,-,0.005039146440373347,0.07063497997710035,0.0,0.07004509386463807
0,4cj9A_30_753,A,30,60,0.0,0.0,0.0,0.0
1,4cj9A_30_753,A,61,93,0.43274003406254297,0.0675902301543871,1.0,0.018745739156152512
2,4cj9A_30_753,A,94,126,0.43099207829648095,0.0837229325670106,1.0,0.03518956785983176
3,4cj9A_30_753,A,127,159,0.43720505201768123,0.10079894606551285,1.0,0.0612776833560875
4,4cj9A_30_753,A,160,192,0.45989252934459646,0.11145428786695721,1.0,0.05435085045366031
5,4cj9A_30_753,A,193,225,0.47416050120626124,0.1652311047173708,1.0,0.013871704562648668
6,4cj9A_30_753,A,226,258,0.4911338452435821,0.0898274082533091,1.0,0.05844795681570227
7,4cj9A_30_753,A,259,291,0.5042057416394911,0.03815104745851225,1.0,0.0015711625533321942
8,4cj9A_30_753,A,292,324,0.5191273786079982,0.037683655673223536,1.0,0.011233144812894481
9,4cj9A_30_753,A,325,357,0.5342979244536743,0.045315726335115734,-1.0,0.027555065790104208
10,4cj9A_30_753,A,358,390,0.5241318984104905,0.024041155646380364,-1.0,0.0522851885794365
11,4cj9A_30_753,A,391,423,0.5328138431406796,0.046583830362630224,1.0,0.049636743235367126
12,4cj9A_30_753,A,424,456,0.5405172001833747,0.1062733139724388,-1.0,0.0013516927253584051
13,4cj9A_30_753,A,457,489,0.539911158475144,0.042541521347044475,-1.0,0.004054991423901303
14,4cj9A_30_753,A,490,522,0.5421896083827069,0.010723512854078954,-1.0,0.0009701497902620855
15,4cj9A_30_753,A,523,555,0.5683949253645544,0.02886992852902698,-1.0,0.04470267609059026
16,4cj9A_30_753,A,556,588,0.554366240239269,0.020795060832733327,1.0,0.05886598239893244
17,4cj9A_30_753,A,589,621,0.5280494269482667,0.08805783221342048,1.0,0.02268158097669118
18,4cj9A_30_753,A,622,654,0.5127991048498017,0.10170152402974295,1.0,0.04336735884529347
19,4cj9A_30_753,A,655,687,0.5033516557082166,0.12285144306582398,1.0,0.007791835849959347
20,4cj9A_30_753,A,688,720,0.4922479263520526,0.09310820002387145,1.0,0.03841714580416711
21,4cj9A_30_753,A,721,753,0.47217867778908973,0.08818502535160491,1.0,0.008041106818274198
22,4cj9A_30_753,A,mean,-,0.5045098452721882,0.07207179463429506,0.42857142857142855,0.02925758704279273
23,4cj9A_30_753,A,std deviation,-,0.03862404960569021,0.03828536399243339,0.8827348295047495,0.020775627924465915
0,4gg4A_234_710,A,234,267,0.0,0.0,0.0,0.0
1,4gg4A_234_710,A,268,300,0.49420475221340765,0.09592354199943712,1.0,0.021310881268467023
2,4gg4A_234_710,A,301,334,0.514174989008052,0.0009134165093700476,1.0,0.024164393062224936
3,4gg4A_234_710,A,335,368,0.5242802430451974,0.08872122939126781,1.0,0.0076504744193770504
4,4gg4A_234_710,A,369,402,0.5370275177467287,0.06386525548325164,1.0,0.022181319872161848
5,4gg4A_234_710,A,403,436,0.5487501104007023,0.11764312016167879,1.0,0.0035385774180264886
6,4gg4A_234_710,A,437,470,0.5537455628589661,0.016792545237458274,1.0,0.005259032676499416
7,4gg4A_234_710,A,471,504,0.5651449201129306,0.014875428774894568,1.0,0.0009172601764383901
8,4gg4A_234_710,A,505,538,0.5587298256333811,0.02560074442879863,1.0,0.006318276111316292
9,4gg4A_234_710,A,539,572,0.5477508595785316,0.056104333963695664,1.0,0.009414668808132569
10,4gg4A_234_710,A,573,606,0.5423091831180082,0.08129144002105201,1.0,0.022160071704136166
11,4gg4A_234_710,A,607,640,0.5428564209853388,0.1130678206273161,1.0,0.0060400970034323615
12,4gg4A_234_710,A,641,674,0.5313138517821717,0.1318500936900892,1.0,0.041281406127527016
13,4gg4A_234_710,A,675,710,0.5338618023112741,0.18401443855954938,1.0,0.05337362771201546
14,4gg4A_234_710,A,mean,-,0.5380115414457454,0.07620487760368148,1.0,0.01720077587382731
15,4gg4A_234_710,A,std deviation,-,0.01773606693612261,0.049601023170567804,0.0,0.014619879771878529
0,4mpzA_722_853,A,722,742,0.0,0.0,0.0,0.0
1,4mpzA_722_853,A,743,760,0.12889179974349138,0.6337704319043833,-1.0,0.39036122445849886
2,4mpzA_722_853,A,761,779,0.12057270513991071,0.32641961247007895,-1.0,0.004095021495195682
3,4mpzA_722_853,A,780,797,0.12297484783476874,0.5283280323811764,-1.0,0.0042086228807186555
4,4mpzA_722_853,A,798,812,0.1213917669248998,0.36990602265526157,-1.0,0.13475393491572693
5,4mpzA_722_853,A,813,836,0.12814620099965343,0.49428515617718105,-1.0,0.2927084047061969
6,4mpzA_722_853,A,837,853,0.1261092636579981,0.7879506907822951,1.0,0.03920479078127571
7,4mpzA_722_853,A,mean,-,0.12468109738345369,0.5234433243950627,-0.6666666666666666,0.14422199987293546
8,4mpzA_722_853,A,std deviation,-,0.002985356775958652,0.14412411454648208,0.6900655593423543,0.13783546328107762
0,4u08B_53_418,B,53,71,0.0,0.0,0.0,0.0
1,4u08B_53_418,B,72,96,0.21296144003137452,0.4736314045761522,1.0,0.34391895538659806
2,4u08B_53_418,B,97,117,0.21558143320027673,0.012131103121054336,-1.0,0.010883048101552767
3,4u08B_53_418,B,118,142,0.20505668245311084,0.23432808208071237,1.0,0.08326528837159267
4,4u08B_53_418,B,143,163,0.21532200200819962,0.05352269070859628,-1.0,0.05540499266845059
5,4u08B_53_418,B,164,188,0.20281963895012362,0.31179698240149367,1.0,0.1434251164810559
6,4u08B_53_418,B,189,209,0.21106455770010443,0.057283300147005486,-1.0,0.12479022217422016
7,4u08B_53_418,B,210,234,0.18837302460826486,0.04242290797655543,1.0,0.04931050644566687
8,4u08B_53_418,B,235,255,0.20531485781099054,0.16200150056832965,-1.0,0.09945258576665804
9,4u08B_53_418,B,256,280,0.185355766932929,0.1260189284713197,1.0,0.09592618597228077
10,4u08B_53_418,B,281,301,0.20141614453386839,0.2498213916113946,-1.0,0.09087702062237137
11,4u08B_53_418,B,302,326,0.18564420297609188,0.17466886355110905,1.0,0.11997019188569305
12,4u08B_53_418,B,327,347,0.2008051101032726,0.15294551360345457,-1.0,0.13220129632672115
13,4u08B_53_418,B,348,372,0.1945811257473798,0.17649485085803066,1.0,0.09934982238687072
14,4u08B_53_418,B,373,393,0.2089225050719171,0.1452058237848804,-1.0,0.06615490192804283
15,4u08B_53_418,B,394,418,0.23748333613746914,0.23914547477928116,1.0,0.4152432755055369
16,4u08B_53_418,B,mean,-,0.20471345521769152,0.17409458788262466,0.06666666666666667,0.12867822733488746
17,4u08B_53_418,B,std deviation,-,0.01267094329057114,0.1111800348581426,0.9660917830792959,0.10139657769837165
0,4u09B_45_413,B,45,65,0.0,0.0,0.0,0.0
1,4u09B_45_413,B,66,88,0.2000855125777821,0.24704260222328614,1.0,0.04859706082923236
2,4u09B_45_413,B,89,111,0.2254597379190874,0.0072885374217775585,-1.0,0.10393138327450877
3,4u09B_45_413,B,112,134,0.20287596966692678,0.010914277284235278,1.0,0.05611128630299398
4,4u09B_45_413,B,135,157,0.19993182375961668,0.03660412112652333,-1.0,0.022152453815524355
5,4u09B_45_413,B,158,180,0.20500141482504994,0.026045062639579095,-1.0,0.042810037609251325
6,4u09B_45_413,B,181,203,0.23294374890609118,0.11226328645508266,1.0,0.019119182576016903
7,4u09B_45_413,B,204,226,0.23310239936234686,0.059892078365417455,-1.0,0.06922144535261882
8,4u09B_45_413,B,227,249,0.22185096558132308,0.01215511230579116,-1.0,0.0756273886481981
9,4u09B_45_413,B,250,272,0.23850618635845533,0.08804366680595614,1.0,0.024591664174897842
10,4u09B_45_413,B,273,295,0.24044275399441378,0.1197788596360438,-1.0,0.11062328756361059
11,4u09B_45_413,B,296,318,0.2234468183831276,0.0176308874914126,1.0,0.011958075459629885
12,4u09B_45_413,B,319,341,0.22252980329182614,0.008780463246520084,-1.0,0.04702842968212252
13,4u09B_45_413,B,342,364,0.21439889281694344,0.02153425086463023,1.0,0.00685628067115248
14,4u09B_45_413,B,365,387,0.21941714738101742,0.08704403761704127,-1.0,0.10533309469472639
15,4u09B_45_413,B,388,413,0.2807936773977063,0.29965619742512417,1.0,0.24908624721088465
16,4u09B_45_413,B,mean,-,0.22405245681478098,0.07697822939389473,-0.06666666666666667,0.06620315452435793
17,4u09B_45_413,B,std deviation,-,0.019283849490004404,0.08328958034421954,0.9660917830792959,0.05709206418532404
0,5xjoA_72_550,A,72,98,0.0,0.0,0.0,0.0
1,5xjoA_72_550,A,99,122,0.21918905883706427,0.08261461453667984,-1.0,0.20922785213912395
2,5xjoA_72_550,A,123,146,0.2060177518793485,0.012701210208796068,-1.0,0.10987110192463093
3,5xjoA_72_550,A,147,170,0.21768344495795633,0.02583923245274036,1.0,0.0338664989739466
4,5xjoA_72_550,A,171,194,0.23648677584881853,0.10521059769072222,1.0,0.046849098754340714
5,5xjoA_72_550,A,195,218,0.21051807411319343,0.07301783537172657,1.0,0.05133686902415949
6,5xjoA_72_550,A,219,242,0.22459003841308728,0.04308857609801231,-1.0,0.02118450360814315
7,5xjoA_72_550,A,243,265,0.2126754167462999,0.07047226175399074,1.0,0.04401035672188807
8,5xjoA_72_550,A,266,289,0.23951509548299704,0.04736803980029361,1.0,0.0613960479636726
9,5xjoA_72_550,A,290,313,0.22971198589686015,0.010634149436607242,-1.0,0.04683145885134443
10,5xjoA_72_550,A,314,337,0.2149687651685845,0.019753989923434717,-1.0,0.011301069996037133
11,5xjoA_72_550,A,338,361,0.2183704228613378,0.005184243040458937,1.0,0.0037936333330644105
12,5xjoA_72_550,A,362,385,0.2143358716482505,0.038209863393550335,-1.0,0.0012105578344135122
13,5xjoA_72_550,A,386,409,0.20947558381667172,0.11156392119741655,-1.0,0.04844022390496753
14,5xjoA_72_550,A,410,433,0.22043841951112608,0.08601719735117656,1.0,0.013285590049441711
15,5xjoA_72_550,A,434,457,0.20818210499306639,0.12783319344886016,1.0,0.017822171463894254
16,5xjoA_72_550,A,458,481,0.20541374271843055,0.00780616695296867,1.0,0.00396394141610478
17,5xjoA_72_550,A,482,505,0.20150570536694484,0.009023895096717803,1.0,0.10200080069890945
18,5xjoA_72_550,A,506,526,0.1975261620845998,0.22012096187359229,-1.0,0.12806473683635636
19,5xjoA_72_550,A,527,550,0.21960881528872037,0.6364835400095508,1.0,0.04242925157192989
20,5xjoA_72_550,A,mean,-,0.21611648608596623,0.09120755208617345,0.15789473684210525,0.05246767184559837
21,5xjoA_72_550,A,std deviation,-,0.010481577450746054,0.13545258707380972,0.9624530063715756,0.04973637626827609
0,6t4dA_148_348,A,148,169,0.0,0.0,0.0,0.0
1,6t4dA_148_348,A,170,192,0.06100394843640599,0.19309550124168764,-1.0,0.06655759980487483
2,6t4dA_148_348,A,193,215,0.06558045294771775,0.342751068667499,-1.0,0.07561994773420924
3,6t4dA_148_348,A,216,238,0.07554133770167916,0.29666249375904136,-1.0,0.014339972510781162
4,6t4dA_148_348,A,239,261,0.08268925108123533,0.2907436154167735,-1.0,0.014868219498011613
5,6t4dA_148_348,A,262,284,0.08240338809999447,0.2827745716033776,-1.0,0.004635586478165653
6,6t4dA_148_348,A,285,307,0.07799878918308398,0.3153099639501788,-1.0,0.04311421648162338
7,6t4dA_148_348,A,308,330,0.06815717869452592,0.24696888994626723,-1.0,0.024692505165406067
8,6t4dA_148_348,A,330,348,0.0544797677153312,0.4677686249688102,-1.0,0.009758615294004175
9,6t4dA_148_348,A,mean,-,0.07098176423249672,0.3045093411942044,-1.0,0.03169833287088451
10,6t4dA_148_348,A,std deviation,-,0.009107824680104423,0.07045888683279823,0.0,0.023856025570155124
