pdb_id,chain,unit_start,unit_end,curvature,twist,twist_hand,pitch,pitch_hand,TM-score,yaw
2xqh,A,161,175,0.0000,0.0000,0.0000,0.0000,0.0000,0.0000,0.0000
2xqh,A,176,189,0.1154,0.1150,1.0000,0.0164,1.0000,0.6749,0.1008
2xqh,A,190,203,0.0182,0.0788,1.0000,0.0180,-1.0000,0.8260,0.0144
2xqh,A,204,217,0.0243,0.1392,1.0000,0.0001,1.0000,0.8180,0.0295
2xqh,A,218,233,0.0952,0.0853,1.0000,0.0078,1.0000,0.6516,0.1130
2xqh,A,234,249,0.0978,0.0789,1.0000,0.0201,1.0000,0.6943,0.0798
2xqh,A,250,263,0.1012,0.0253,1.0000,0.0031,1.0000,0.4508,0.0865
2xqh,A,264,276,0.1071,0.0471,1.0000,0.0346,1.0000,0.3828,0.0735
2xqh,A,305,326,0.6844,1.9739,-1.0000,1.2392,-1.0000,0.1630,1.2174
2xqh,A,327,350,0.3220,0.2149,1.0000,0.0377,1.0000,0.5580,0.2490
2xqh,A,373,392,0.3509,2.9904,-1.0000,0.3954,1.0000,0.5840,0.3063
2xqh,A,393,416,0.2269,2.3716,-1.0000,0.0348,-1.0000,0.7049,0.6502
2xqh,A,mean,-,0.1949,0.7382,0.4545,0.1643,0.4545,0.5917,0.2655
2xqh,A,std deviation,-,0.1867,1.0690,0.8907,0.3568,0.8907,0.1879,0.3475
