pdb_id,chain,curv_mean,curv_std,twist_mean,twist_std,twist_sign_mean,twist_sign_std,pitch_mean,pitch_std,pitch_sign_mean,pitch_sign_std,tmscores_mean,tmscores_std,yaw_mean,yaw_std
1lwu,C,0.2511,0.0187,0.0554,0.0087,1.0,0.0,0.073,0.0401,0.0,1.0,0.6317,0.0822,0.0378,0.0108
1lwu,F,0.2545,0.0001,0.0339,0.0012,1.0,0.0,0.1125,0.0119,0.0,1.0,0.5393,0.0076,0.0266,0.0211
1lwu,I,0.1555,0.0002,1.4157,0.3811,0.0,1.0,0.0924,0.0451,0.0,1.0,0.5395,0.1003,0.0326,0.0167
1lwu,L,0.1713,0.0001,1.4162,0.3813,0.0,1.0,0.0784,0.0513,0.0,1.0,0.5415,0.104,0.0373,0.0156
1n73,C,0.1646,0.0009,2.0875,0.7006,0.0,1.0,0.0216,0.0011,0.0,1.0,0.5618,0.0162,0.0727,0.0122
2e7s,M,0.1611,0.0244,1.7424,0.6818,0.0,1.0,0.0383,0.0246,0.0,1.0,0.5102,0.0933,0.1142,0.0411
2e7s,N,0.1561,0.0102,1.5375,1.2548,0.3333,0.9428,0.0861,0.026,-0.3333,0.9428,0.5421,0.1059,0.0581,0.0111
5mc9,C,0.2448,0.0019,1.6951,0.8853,-1.0,0.0,0.0266,0.0161,0.0,1.0,0.6477,0.0306,0.0937,0.0138
6ff7,G,0.2726,0.0123,2.5569,0.492,0.0,1.0,0.1039,0.1026,-1.0,0.0,0.5691,0.0642,0.0903,0.0284
