pdb_file	chain	units	insertion
/pdb_dir/4gyx	A	1_4,5_7,8_10,11_13,14_16,17_19,20_22,23_25,26_28
/pdb_dir/4gyx	B	1_4,5_7,8_10,11_13,14_16,17_19,20_22,23_25,26_28
/pdb_dir/4gyx	C	1_4,5_7,8_10,11_13,14_16,17_19,20_22,23_26
/pdb_dir/6bl7	B	659_675,677_693,694_706,707_723,724_741
/pdb_dir/6bp7	A	7_52,53_111,112_202,218_274,275_322,323_380,381_458,459_545,546_641,647_670,671_694,695_717,718_740,741_764,765_787,788_803	203_217,498_513,564_613
/pdb_dir/6bp8	A	5_48,59_163,213_277,278_378,417_516,647_670,671_694,695_717,718_740,741_764,765_787,788_803	49_58,164_212,379_416,478_496
/pdb_dir/2e7s	K	31_45,46_72,73_104,105_117,118_144
/pdb_dir/2e7s	L	31_48,49_70,71_100,101_122,123_143	89_100
/pdb_dir/2e7s	M	32_61,62_82,83_96,97_122,123_143
/pdb_dir/2e7s	N	39_60,61_90,91_118,119_140	80_90
/pdb_dir/2e7s	O	35_60,61_79,80_98,99_119,120_138,139_154
/pdb_dir/2e7s	S	31_45,46_66,67_86,87_102,103_123,124_147